Name,Table
楊筠平,主桌
鄒亦晴,主桌
張美玲,主桌
鄒坤達,主桌
楊金城,主桌
許淑芬,主桌
鄒俊傑,主桌
張云峰,主桌
許金隆,主桌

Tommy,桌9
HanWei,桌9
鄒淑慧,桌9
張名富,桌9
張呂月女,桌9
郭文秋,桌9
Britney,桌9
Tiffany,桌9

呂孰睿,桌4
呂孰睿,桌4
林奕辰,桌4
陳雨虹,桌4
陳雅荺,桌4
林恩睿,桌4
徐立恩,桌4
李洱,桌4
李明鳳,桌4

張峰碩,桌15
張峰碩,桌15
張玟棋,桌15
王昱翔,桌15
黃奕凱,桌15
李榆觀,桌15
李榆觀,桌15
黎光禹,桌15
黃浩軒,桌15
黃浩軒,桌15

姚映竹,桌10
姚映竹,桌10
蕭怡蓁,桌10
蕭怡蓁,桌10
范小芳,桌10
范小芳,桌10
陳怡妙,桌10
陳怡妙,桌10
許舜杰,桌10

陳柏羽,桌5
陳柏羽,桌5
陳柏羽,桌5
黃珮瑜,桌5
黃珮瑜,桌5
Amy Huang,桌5
Amy Huang,桌5
Tony Lin,桌5
阿凱,桌5
Danny,桌5

洪詠涵,桌11
洪詠涵,桌11
李妍蓁,桌11
李妍蓁,桌11
王品貽,桌11
羅厚璽,桌11
陳冠宏,桌11
張瑋埕,桌11
黃彥妮,桌11
劉力維,桌11

劉宜樺,桌20
劉宜樺,桌20
劉宜樺,桌20
洪子茵,桌20
洪子茵,桌20
洪子茵,桌20
莊凱鈞,桌20
李睿峰,桌20
李睿峰,桌20
王郁婷,桌20
林映廷,桌20

黃睦詞,桌21
黃睦詞,桌21
黃睦詞,桌21
黃家宏,桌21
陳亭伃,桌21
陳亭伃,桌21

Aaron Tai,桌14
Aaron Tai,桌14
Joseph,桌14
Joseph,桌14
楊士逸,桌14
王翁子謙,桌14
江子毅,桌14
江子毅,桌14
謝竣光,桌14
謝竣光,桌14

Ming,桌7
GC,桌7
Steven Liu,桌7
Olivia,桌7
Mindy,桌7
舜源,桌7
昭元,桌7
弘芸,桌7
振彥,桌7

志杰,桌17
麗玉,桌17
錦蓮,桌17
英博,桌17
嘉玲,桌17
嘉玲,桌17
志章,桌17
美玉,桌17
子亮,桌17
筠安,桌17

平波,桌2
淑慧,桌2
淑慧,桌2
奇淵,桌2
奇淵,桌2
怡晶,桌2
皓雯,桌2
慶玲,桌2
慶玲,桌2

永佳,桌8
薏萍,桌8
薏萍,桌8
雪嬌,桌8
文綺,桌8
俊宏,桌8
淑芳,桌8
淑芳,桌8
班長,桌8

有臨,桌3
有臨,桌3
小裕,桌3
小裕,桌3
泰益,桌3
明欣,桌3
司堃,桌3
司堃,桌3
宗儀,桌3
宗儀,桌3

奎成,桌1
奎成,桌1
奎成,桌1
火亮,桌1
火亮,桌1
雲祥,桌1
雲祥,桌1
滋煒,桌1
曾隆,桌1
曾隆,桌1
國華,桌1

清萬,桌12
彩蓮,桌12
叔叔,桌12
嬸嬸,桌12
振添,桌12
鄭醫師,桌12
陳醫師,桌12
許友貞,桌12
許友貞,桌12
小芳,桌12
Kelly,桌12

正傑,桌13
志文,桌13
憲發,桌13
逢璿,桌13
清鑫,桌13
清鑫,桌13
同洺,桌13
同洺,桌13
毅恆,桌13
毅恆,桌13

慶營,桌18
瑞紅,桌18
瑞賢,桌18
瑞賢,桌18
世忠,桌18
漢昌,桌18
志敏,桌18
志敏,桌18
文智,桌18
峰杰,桌18

震德,桌19
聖峰,桌19
國忠,桌19
冠州,桌19
元誠,桌19
元誠,桌19

